delete from market.product;
delete from market.customer;
delete from market.product_viewed;
delete from market.product_most_viewed;

INSERT INTO customer (customer_id, address, name) VALUES (100, 'USA', 'Marco');
INSERT INTO customer (customer_id, address, name) VALUES (101, 'USA', 'Selene');
INSERT INTO customer (customer_id, address, name) VALUES (102, 'USA', 'Tom');
INSERT INTO customer (customer_id, address, name) VALUES (103, 'USA', 'Jorge');
INSERT INTO customer (customer_id, address, name) VALUES (104, 'USA', 'Ana');
INSERT INTO customer (customer_id, address, name) VALUES (105, 'USA', 'Diego');
INSERT INTO customer (customer_id, address, name) VALUES (106, 'USA', 'Veronika');
INSERT INTO customer (customer_id, address, name) VALUES (107, 'USA', 'Daria');
INSERT INTO customer (customer_id, address, name) VALUES (108, 'USA', 'Karen');
INSERT INTO customer (customer_id, address, name) VALUES (109, 'USA', 'Maria');
INSERT INTO customer (customer_id, address, name) VALUES (110, 'USA', 'John');


INSERT INTO product (product_id, name, price, quantity) VALUES (1, 'product 1', 10.0, 200);
INSERT INTO product (product_id, name, price, quantity) VALUES (2, 'product 2', 20.0, 200);
INSERT INTO product (product_id, name, price, quantity) VALUES (3, 'product 3', 50.0, 320);
INSERT INTO product (product_id, name, price, quantity) VALUES (4, 'product 4', 75.0, 400);
INSERT INTO product (product_id, name, price, quantity) VALUES (5, 'product 5', 25.0, 150);
INSERT INTO product (product_id, name, price, quantity) VALUES (6, 'product 6', 10.0, 200);
INSERT INTO product (product_id, name, price, quantity) VALUES (7, 'product 7', 20.0, 200);
INSERT INTO product (product_id, name, price, quantity) VALUES (8, 'product 8', 50.0, 320);
INSERT INTO product (product_id, name, price, quantity) VALUES (9, 'product 9', 75.0, 400);
INSERT INTO product (product_id, name, price, quantity) VALUES (10, 'product 10', 25.0, 150);
INSERT INTO product (product_id, name, price, quantity) VALUES (11, 'product 11', 10.0, 200);
INSERT INTO product (product_id, name, price, quantity) VALUES (12, 'product 12', 20.0, 200);
INSERT INTO product (product_id, name, price, quantity) VALUES (13, 'product 13', 50.0, 320);
INSERT INTO product (product_id, name, price, quantity) VALUES (14, 'product 14', 75.0, 400);
INSERT INTO product (product_id, name, price, quantity) VALUES (15, 'product 15', 25.0, 150);
INSERT INTO product (product_id, name, price, quantity) VALUES (16, 'product 16', 10.0, 200);
INSERT INTO product (product_id, name, price, quantity) VALUES (17, 'product 17', 20.0, 200);
INSERT INTO product (product_id, name, price, quantity) VALUES (18, 'product 18', 50.0, 320);
INSERT INTO product (product_id, name, price, quantity) VALUES (19, 'product 19', 75.0, 400);
INSERT INTO product (product_id, name, price, quantity) VALUES (20, 'product 20', 25.0, 150);
INSERT INTO product (product_id, name, price, quantity) VALUES (21, 'product 21', 10.0, 200);
INSERT INTO product (product_id, name, price, quantity) VALUES (22, 'product 22', 20.0, 200);
INSERT INTO product (product_id, name, price, quantity) VALUES (23, 'product 23', 50.0, 320);
INSERT INTO product (product_id, name, price, quantity) VALUES (24, 'product 24', 75.0, 400);
INSERT INTO product (product_id, name, price, quantity) VALUES (25, 'product 25', 25.0, 150);
INSERT INTO product (product_id, name, price, quantity) VALUES (26, 'product 26', 10.0, 200);
INSERT INTO product (product_id, name, price, quantity) VALUES (27, 'product 27', 20.0, 200);
INSERT INTO product (product_id, name, price, quantity) VALUES (28, 'product 28', 50.0, 320);
INSERT INTO product (product_id, name, price, quantity) VALUES (29, 'product 29', 75.0, 400);
INSERT INTO product (product_id, name, price, quantity) VALUES (30, 'product 30', 25.0, 150);
INSERT INTO product (product_id, name, price, quantity) VALUES (31, 'product 31', 10.0, 200);
INSERT INTO product (product_id, name, price, quantity) VALUES (32, 'product 32', 20.0, 200);
INSERT INTO product (product_id, name, price, quantity) VALUES (33, 'product 33', 50.0, 320);
INSERT INTO product (product_id, name, price, quantity) VALUES (34, 'product 34', 75.0, 400);
INSERT INTO product (product_id, name, price, quantity) VALUES (35, 'product 35', 25.0, 150);
INSERT INTO product (product_id, name, price, quantity) VALUES (36, 'product 36', 10.0, 200);
INSERT INTO product (product_id, name, price, quantity) VALUES (37, 'product 37', 20.0, 200);
INSERT INTO product (product_id, name, price, quantity) VALUES (38, 'product 38', 50.0, 320);
INSERT INTO product (product_id, name, price, quantity) VALUES (39, 'product 39', 75.0, 400);
INSERT INTO product (product_id, name, price, quantity) VALUES (40, 'product 40', 25.0, 150);
INSERT INTO product (product_id, name, price, quantity) VALUES (41, 'product 41', 10.0, 200);
INSERT INTO product (product_id, name, price, quantity) VALUES (42, 'product 42', 20.0, 200);
INSERT INTO product (product_id, name, price, quantity) VALUES (43, 'product 43', 50.0, 320);
INSERT INTO product (product_id, name, price, quantity) VALUES (44, 'product 44', 75.0, 400);
INSERT INTO product (product_id, name, price, quantity) VALUES (45, 'product 45', 25.0, 150);
INSERT INTO product (product_id, name, price, quantity) VALUES (46, 'product 46', 10.0, 200);
INSERT INTO product (product_id, name, price, quantity) VALUES (47, 'product 47', 20.0, 200);
INSERT INTO product (product_id, name, price, quantity) VALUES (48, 'product 48', 50.0, 320);
INSERT INTO product (product_id, name, price, quantity) VALUES (49, 'product 49', 75.0, 400);
INSERT INTO product (product_id, name, price, quantity) VALUES (50, 'product 50', 25.0, 150);
INSERT INTO product (product_id, name, price, quantity) VALUES (51, 'product 51', 10.0, 200);
INSERT INTO product (product_id, name, price, quantity) VALUES (52, 'product 52', 20.0, 200);
INSERT INTO product (product_id, name, price, quantity) VALUES (53, 'product 53', 50.0, 320);
INSERT INTO product (product_id, name, price, quantity) VALUES (54, 'product 54', 75.0, 400);
INSERT INTO product (product_id, name, price, quantity) VALUES (55, 'product 55', 25.0, 150);
INSERT INTO product (product_id, name, price, quantity) VALUES (56, 'product 56', 10.0, 200);
INSERT INTO product (product_id, name, price, quantity) VALUES (57, 'product 57', 20.0, 200);
INSERT INTO product (product_id, name, price, quantity) VALUES (58, 'product 58', 50.0, 320);
INSERT INTO product (product_id, name, price, quantity) VALUES (59, 'product 59', 75.0, 400);
INSERT INTO product (product_id, name, price, quantity) VALUES (60, 'product 60', 25.0, 150);
INSERT INTO product (product_id, name, price, quantity) VALUES (61, 'product 61', 10.0, 200);
INSERT INTO product (product_id, name, price, quantity) VALUES (62, 'product 62', 20.0, 200);
INSERT INTO product (product_id, name, price, quantity) VALUES (63, 'product 63', 50.0, 320);
INSERT INTO product (product_id, name, price, quantity) VALUES (64, 'product 64', 75.0, 400);
INSERT INTO product (product_id, name, price, quantity) VALUES (65, 'product 65', 25.0, 150);
INSERT INTO product (product_id, name, price, quantity) VALUES (66, 'product 66', 10.0, 200);
INSERT INTO product (product_id, name, price, quantity) VALUES (67, 'product 67', 20.0, 200);
INSERT INTO product (product_id, name, price, quantity) VALUES (68, 'product 68', 50.0, 320);
INSERT INTO product (product_id, name, price, quantity) VALUES (69, 'product 69', 75.0, 400);
INSERT INTO product (product_id, name, price, quantity) VALUES (70, 'product 70', 25.0, 150);
INSERT INTO product (product_id, name, price, quantity) VALUES (71, 'product 71', 10.0, 200);
INSERT INTO product (product_id, name, price, quantity) VALUES (72, 'product 72', 20.0, 200);
INSERT INTO product (product_id, name, price, quantity) VALUES (73, 'product 73', 50.0, 320);
INSERT INTO product (product_id, name, price, quantity) VALUES (74, 'product 74', 75.0, 400);
INSERT INTO product (product_id, name, price, quantity) VALUES (75, 'product 75', 25.0, 150);
INSERT INTO product (product_id, name, price, quantity) VALUES (76, 'product 76', 10.0, 200);
INSERT INTO product (product_id, name, price, quantity) VALUES (77, 'product 77', 20.0, 200);
INSERT INTO product (product_id, name, price, quantity) VALUES (78, 'product 78', 50.0, 320);
INSERT INTO product (product_id, name, price, quantity) VALUES (79, 'product 79', 75.0, 400);
INSERT INTO product (product_id, name, price, quantity) VALUES (80, 'product 80', 25.0, 150);
INSERT INTO product (product_id, name, price, quantity) VALUES (81, 'product 81', 10.0, 200);
INSERT INTO product (product_id, name, price, quantity) VALUES (82, 'product 82', 20.0, 200);
INSERT INTO product (product_id, name, price, quantity) VALUES (83, 'product 83', 50.0, 320);
INSERT INTO product (product_id, name, price, quantity) VALUES (84, 'product 84', 75.0, 400);
INSERT INTO product (product_id, name, price, quantity) VALUES (85, 'product 85', 25.0, 150);
INSERT INTO product (product_id, name, price, quantity) VALUES (86, 'product 86', 10.0, 200);
INSERT INTO product (product_id, name, price, quantity) VALUES (87, 'product 87', 20.0, 200);
INSERT INTO product (product_id, name, price, quantity) VALUES (88, 'product 88', 50.0, 320);
INSERT INTO product (product_id, name, price, quantity) VALUES (89, 'product 89', 75.0, 400);
INSERT INTO product (product_id, name, price, quantity) VALUES (90, 'product 90', 25.0, 150);
INSERT INTO product (product_id, name, price, quantity) VALUES (91, 'product 91', 10.0, 200);
INSERT INTO product (product_id, name, price, quantity) VALUES (92, 'product 92', 20.0, 200);
INSERT INTO product (product_id, name, price, quantity) VALUES (93, 'product 93', 50.0, 320);
INSERT INTO product (product_id, name, price, quantity) VALUES (94, 'product 94', 75.0, 400);
INSERT INTO product (product_id, name, price, quantity) VALUES (95, 'product 95', 25.0, 150);
INSERT INTO product (product_id, name, price, quantity) VALUES (96, 'product 96', 10.0, 200);
INSERT INTO product (product_id, name, price, quantity) VALUES (97, 'product 97', 20.0, 200);
INSERT INTO product (product_id, name, price, quantity) VALUES (98, 'product 98', 50.0, 320);
INSERT INTO product (product_id, name, price, quantity) VALUES (99, 'product 99', 75.0, 400);
INSERT INTO product (product_id, name, price, quantity) VALUES (100, 'product 100', 25.0, 150);


INSERT INTO product_most_viewed (id, number_visits, product_id) VALUES (1, 1, 1);
INSERT INTO product_most_viewed (id, number_visits, product_id) VALUES (2, 2, 2);
INSERT INTO product_most_viewed (id, number_visits, product_id) VALUES (3, 3, 3);
INSERT INTO product_most_viewed (id, number_visits, product_id) VALUES (4, 4, 4);
INSERT INTO product_most_viewed (id, number_visits, product_id) VALUES (5, 5, 5);
INSERT INTO product_most_viewed (id, number_visits, product_id) VALUES (6, 6, 6);
INSERT INTO product_most_viewed (id, number_visits, product_id) VALUES (7, 7, 7);
INSERT INTO product_most_viewed (id, number_visits, product_id) VALUES (8, 8, 8);
INSERT INTO product_most_viewed (id, number_visits, product_id) VALUES (9, 9, 9);
INSERT INTO product_most_viewed (id, number_visits, product_id) VALUES (10, 10, 10);
INSERT INTO product_most_viewed (id, number_visits, product_id) VALUES (11, 11, 11);
INSERT INTO product_most_viewed (id, number_visits, product_id) VALUES (12, 12, 12);
INSERT INTO product_most_viewed (id, number_visits, product_id) VALUES (13, 13, 13);
INSERT INTO product_most_viewed (id, number_visits, product_id) VALUES (14, 14, 14);
INSERT INTO product_most_viewed (id, number_visits, product_id) VALUES (15, 15, 15);
INSERT INTO product_most_viewed (id, number_visits, product_id) VALUES (16, 16, 16);
INSERT INTO product_most_viewed (id, number_visits, product_id) VALUES (17, 17, 17);
INSERT INTO product_most_viewed (id, number_visits, product_id) VALUES (18, 18, 18);
INSERT INTO product_most_viewed (id, number_visits, product_id) VALUES (19, 19, 19);
INSERT INTO product_most_viewed (id, number_visits, product_id) VALUES (20, 20, 20);
INSERT INTO product_most_viewed (id, number_visits, product_id) VALUES (21, 21, 21);
INSERT INTO product_most_viewed (id, number_visits, product_id) VALUES (22, 22, 22);
INSERT INTO product_most_viewed (id, number_visits, product_id) VALUES (23, 23, 23);
INSERT INTO product_most_viewed (id, number_visits, product_id) VALUES (24, 24, 24);
INSERT INTO product_most_viewed (id, number_visits, product_id) VALUES (25, 25, 25);
INSERT INTO product_most_viewed (id, number_visits, product_id) VALUES (26, 26, 26);
INSERT INTO product_most_viewed (id, number_visits, product_id) VALUES (27, 27, 27);
INSERT INTO product_most_viewed (id, number_visits, product_id) VALUES (28, 28, 28);
INSERT INTO product_most_viewed (id, number_visits, product_id) VALUES (29, 29, 29);
INSERT INTO product_most_viewed (id, number_visits, product_id) VALUES (30, 30, 30);
INSERT INTO product_most_viewed (id, number_visits, product_id) VALUES (31, 31, 31);
INSERT INTO product_most_viewed (id, number_visits, product_id) VALUES (32, 32, 32);
INSERT INTO product_most_viewed (id, number_visits, product_id) VALUES (33, 33, 33);
INSERT INTO product_most_viewed (id, number_visits, product_id) VALUES (34, 34, 34);
INSERT INTO product_most_viewed (id, number_visits, product_id) VALUES (35, 35, 35);
INSERT INTO product_most_viewed (id, number_visits, product_id) VALUES (36, 36, 36);
INSERT INTO product_most_viewed (id, number_visits, product_id) VALUES (37, 37, 37);
INSERT INTO product_most_viewed (id, number_visits, product_id) VALUES (38, 38, 38);
INSERT INTO product_most_viewed (id, number_visits, product_id) VALUES (39, 39, 39);
INSERT INTO product_most_viewed (id, number_visits, product_id) VALUES (40, 40, 40);
INSERT INTO product_most_viewed (id, number_visits, product_id) VALUES (41, 41, 41);
INSERT INTO product_most_viewed (id, number_visits, product_id) VALUES (42, 42, 42);
INSERT INTO product_most_viewed (id, number_visits, product_id) VALUES (43, 43, 43);
INSERT INTO product_most_viewed (id, number_visits, product_id) VALUES (44, 44, 44);
INSERT INTO product_most_viewed (id, number_visits, product_id) VALUES (45, 45, 45);
INSERT INTO product_most_viewed (id, number_visits, product_id) VALUES (46, 46, 46);
INSERT INTO product_most_viewed (id, number_visits, product_id) VALUES (47, 47, 47);
INSERT INTO product_most_viewed (id, number_visits, product_id) VALUES (48, 48, 48);
INSERT INTO product_most_viewed (id, number_visits, product_id) VALUES (49, 49, 49);
INSERT INTO product_most_viewed (id, number_visits, product_id) VALUES (50, 50, 50);
INSERT INTO product_most_viewed (id, number_visits, product_id) VALUES (51, 51, 51);
INSERT INTO product_most_viewed (id, number_visits, product_id) VALUES (52, 52, 52);
INSERT INTO product_most_viewed (id, number_visits, product_id) VALUES (53, 53, 53);
INSERT INTO product_most_viewed (id, number_visits, product_id) VALUES (54, 54, 54);
INSERT INTO product_most_viewed (id, number_visits, product_id) VALUES (55, 55, 55);
INSERT INTO product_most_viewed (id, number_visits, product_id) VALUES (56, 56, 56);
INSERT INTO product_most_viewed (id, number_visits, product_id) VALUES (57, 57, 57);
INSERT INTO product_most_viewed (id, number_visits, product_id) VALUES (58, 58, 58);
INSERT INTO product_most_viewed (id, number_visits, product_id) VALUES (59, 59, 59);
INSERT INTO product_most_viewed (id, number_visits, product_id) VALUES (60, 60, 60);
INSERT INTO product_most_viewed (id, number_visits, product_id) VALUES (61, 61, 61);
INSERT INTO product_most_viewed (id, number_visits, product_id) VALUES (62, 62, 62);
INSERT INTO product_most_viewed (id, number_visits, product_id) VALUES (63, 63, 63);
INSERT INTO product_most_viewed (id, number_visits, product_id) VALUES (64, 64, 64);
INSERT INTO product_most_viewed (id, number_visits, product_id) VALUES (65, 65, 65);
INSERT INTO product_most_viewed (id, number_visits, product_id) VALUES (66, 66, 66);
INSERT INTO product_most_viewed (id, number_visits, product_id) VALUES (67, 67, 67);
INSERT INTO product_most_viewed (id, number_visits, product_id) VALUES (68, 68, 68);
INSERT INTO product_most_viewed (id, number_visits, product_id) VALUES (69, 69, 69);
INSERT INTO product_most_viewed (id, number_visits, product_id) VALUES (70, 70, 70);
INSERT INTO product_most_viewed (id, number_visits, product_id) VALUES (71, 71, 71);
INSERT INTO product_most_viewed (id, number_visits, product_id) VALUES (72, 72, 72);
INSERT INTO product_most_viewed (id, number_visits, product_id) VALUES (73, 73, 73);
INSERT INTO product_most_viewed (id, number_visits, product_id) VALUES (74, 74, 74);
INSERT INTO product_most_viewed (id, number_visits, product_id) VALUES (75, 75, 75);
INSERT INTO product_most_viewed (id, number_visits, product_id) VALUES (76, 76, 76);
INSERT INTO product_most_viewed (id, number_visits, product_id) VALUES (77, 77, 77);
INSERT INTO product_most_viewed (id, number_visits, product_id) VALUES (78, 78, 78);
INSERT INTO product_most_viewed (id, number_visits, product_id) VALUES (79, 79, 79);
INSERT INTO product_most_viewed (id, number_visits, product_id) VALUES (80, 80, 80);
INSERT INTO product_most_viewed (id, number_visits, product_id) VALUES (81, 81, 81);
INSERT INTO product_most_viewed (id, number_visits, product_id) VALUES (82, 82, 82);
INSERT INTO product_most_viewed (id, number_visits, product_id) VALUES (83, 83, 83);
INSERT INTO product_most_viewed (id, number_visits, product_id) VALUES (84, 84, 84);
INSERT INTO product_most_viewed (id, number_visits, product_id) VALUES (85, 85, 85);
INSERT INTO product_most_viewed (id, number_visits, product_id) VALUES (86, 86, 86);
INSERT INTO product_most_viewed (id, number_visits, product_id) VALUES (87, 87, 87);
INSERT INTO product_most_viewed (id, number_visits, product_id) VALUES (88, 88, 88);
INSERT INTO product_most_viewed (id, number_visits, product_id) VALUES (89, 89, 89);
INSERT INTO product_most_viewed (id, number_visits, product_id) VALUES (90, 90, 90);
INSERT INTO product_most_viewed (id, number_visits, product_id) VALUES (91, 91, 91);
INSERT INTO product_most_viewed (id, number_visits, product_id) VALUES (92, 92, 92);
INSERT INTO product_most_viewed (id, number_visits, product_id) VALUES (93, 93, 93);
INSERT INTO product_most_viewed (id, number_visits, product_id) VALUES (94, 94, 94);
INSERT INTO product_most_viewed (id, number_visits, product_id) VALUES (95, 95, 95);
INSERT INTO product_most_viewed (id, number_visits, product_id) VALUES (96, 96, 96);
INSERT INTO product_most_viewed (id, number_visits, product_id) VALUES (97, 97, 97);
INSERT INTO product_most_viewed (id, number_visits, product_id) VALUES (98, 98, 98);
INSERT INTO product_most_viewed (id, number_visits, product_id) VALUES (99, 99, 99);
INSERT INTO product_most_viewed (id, number_visits, product_id) VALUES (100, 100, 100);

